date	close
02-Jan-17	13.88
02-Jan-17	23.25
02-Jan-17	35.72
02-Jan-17	119.6
02-Jan-17	143.62
02-Jan-17	184.52
02-Jan-17	202.6
02-Jan-17	233.29
02-Jan-17	340.75
02-Jan-17	754.65
03-Jan-17	19.32
03-Jan-17	25.96
03-Jan-17	26.91
03-Jan-17	112.06
03-Jan-17	130.2
03-Jan-17	184.39
03-Jan-17	186.95
03-Jan-17	238.98
03-Jan-17	383.9
03-Jan-17	809.85
06-Jan-17	21.88
06-Jan-17	22.22
06-Jan-17	30.68
06-Jan-17	114.13
06-Jan-17	127.03
06-Jan-17	144.68
06-Jan-17	179.86
06-Jan-17	227.28
06-Jan-17	358.14
06-Jan-17	835.75
08-Jan-17	19.2
08-Jan-17	21.86
08-Jan-17	38.7
08-Jan-17	111.52
08-Jan-17	125.88
08-Jan-17	128.73
08-Jan-17	160.6
08-Jan-17	197.7
08-Jan-17	338.04
08-Jan-17	660.67
11-Jan-17	12.5
11-Jan-17	14.22
11-Jan-17	35.18
11-Jan-17	84.8
11-Jan-17	85.46
11-Jan-17	105.02
11-Jan-17	105.16
11-Jan-17	138.44
11-Jan-17	286.59
11-Jan-17	527.36
01-Feb-17	14.96
01-Feb-17	18.46
01-Feb-17	39.67
01-Feb-17	115.9
01-Feb-17	122.96
01-Feb-17	171.8
01-Feb-17	200.6
01-Feb-17	222.62
01-Feb-17	324.9
01-Feb-17	681.42
02-Feb-17	14.24
02-Feb-17	24.41
02-Feb-17	35.23
02-Feb-17	122.82
02-Feb-17	145.43
02-Feb-17	183.28
02-Feb-17	201.06
02-Feb-17	230.6
02-Feb-17	344.79
02-Feb-17	757.09
03-Feb-17	20.32
03-Feb-17	27.05
03-Feb-17	27.75
03-Feb-17	115.85
03-Feb-17	132.03
03-Feb-17	185.44
03-Feb-17	188.27
03-Feb-17	242.75
03-Feb-17	385.01
03-Feb-17	807.8
05-Feb-17	16.69
05-Feb-17	24.16
05-Feb-17	28.52
05-Feb-17	108.7
05-Feb-17	128.01
05-Feb-17	152.66
05-Feb-17	197.86
05-Feb-17	234.14
05-Feb-17	347.4
05-Feb-17	915.33
06-Feb-17	22.38
06-Feb-17	22.49
06-Feb-17	31.36
06-Feb-17	114.02
06-Feb-17	126.13
06-Feb-17	142.71
06-Feb-17	184.01
06-Feb-17	222.92
06-Feb-17	352.14
06-Feb-17	834.13
08-Feb-17	20.2
08-Feb-17	22.77
08-Feb-17	37.02
08-Feb-17	114.55
08-Feb-17	125.66
08-Feb-17	134.23
08-Feb-17	159.97
08-Feb-17	200.9
08-Feb-17	339.82
08-Feb-17	673.55
10-Feb-17	16.93
10-Feb-17	18.05
10-Feb-17	32.98
10-Feb-17	92.72
10-Feb-17	98.97
10-Feb-17	110.22
10-Feb-17	117.9
10-Feb-17	147.07
10-Feb-17	301.6
10-Feb-17	531.42
11-Feb-17	12.17
11-Feb-17	14.07
11-Feb-17	34.1
11-Feb-17	82.82
11-Feb-17	85.47
11-Feb-17	100.78
11-Feb-17	104.73
11-Feb-17	138.77
11-Feb-17	284.79
11-Feb-17	527.76
01-Mar-17	15.3
01-Mar-17	18.99
01-Mar-17	39.57
01-Mar-17	115.18
01-Mar-17	124.05
01-Mar-17	180.34
01-Mar-17	196.96
01-Mar-17	232.64
01-Mar-17	335.92
01-Mar-17	681.22
02-Mar-17	14.55
02-Mar-17	25.2
02-Mar-17	33.78
02-Mar-17	120.36
02-Mar-17	143.83
02-Mar-17	180.7
02-Mar-17	203.88
02-Mar-17	230.63
02-Mar-17	357.49
02-Mar-17	766.39
03-Mar-17	20.33
03-Mar-17	26.82
03-Mar-17	27.11
03-Mar-17	113.76
03-Mar-17	133.43
03-Mar-17	184.3
03-Mar-17	187.62
03-Mar-17	239.32
03-Mar-17	380.43
03-Mar-17	802.35
04-Mar-17	19.1
04-Mar-17	23
04-Mar-17	25.37
04-Mar-17	109.79
04-Mar-17	132.01
04-Mar-17	168.19
04-Mar-17	189.38
04-Mar-17	230.87
04-Mar-17	361.05
04-Mar-17	780.31
05-Mar-17	16.23
05-Mar-17	23.58
05-Mar-17	28.92
05-Mar-17	108.16
05-Mar-17	127.85
05-Mar-17	150.42
05-Mar-17	198.21
05-Mar-17	232.42
05-Mar-17	350.49
05-Mar-17	908.59
07-Mar-17	17.86
07-Mar-17	19.18
07-Mar-17	34.68
07-Mar-17	106.36
07-Mar-17	112.18
07-Mar-17	116.74
07-Mar-17	169.91
07-Mar-17	202.6
07-Mar-17	311.91
07-Mar-17	824.31
08-Mar-17	21.21
08-Mar-17	22.88
08-Mar-17	36.24
08-Mar-17	113.83
08-Mar-17	125.39
08-Mar-17	130.08
08-Mar-17	164.51
08-Mar-17	201.02
08-Mar-17	339.56
08-Mar-17	690.92
10-Mar-17	16.22
10-Mar-17	17.8
10-Mar-17	31.4
10-Mar-17	90.01
10-Mar-17	97.14
10-Mar-17	109.21
10-Mar-17	112.01
10-Mar-17	139.73
10-Mar-17	289.89
10-Mar-17	527.41
11-Mar-17	12.5
11-Mar-17	15.07
11-Mar-17	34.53
11-Mar-17	85.16
11-Mar-17	87.07
11-Mar-17	103.28
11-Mar-17	105.97
11-Mar-17	142.08
11-Mar-17	287.62
11-Mar-17	529.48
01-Apr-17	14.79
01-Apr-17	18.74
01-Apr-17	38.75
01-Apr-17	113.1
01-Apr-17	125.59
01-Apr-17	176.29
01-Apr-17	191.2
01-Apr-17	230.4
01-Apr-17	334.41
01-Apr-17	688.57
04-Apr-17	19.11
04-Apr-17	23.07
04-Apr-17	25.65
04-Apr-17	109.16
04-Apr-17	132.36
04-Apr-17	166
04-Apr-17	187.41
04-Apr-17	232.66
04-Apr-17	362.76
04-Apr-17	779.24
05-Apr-17	16.69
05-Apr-17	24.04
05-Apr-17	30.36
05-Apr-17	110.03
05-Apr-17	127.69
05-Apr-17	153.76
05-Apr-17	198.9
05-Apr-17	237.81
05-Apr-17	361.29
05-Apr-17	918.06
07-Apr-17	18.41
07-Dec-17	314.35
07-Dec-17	678.26
09-Dec-17	16.45
09-Dec-17	19.59
09-Dec-17	27.34
09-Dec-17	91.55
09-Dec-17	98.5
09-Dec-17	114.61
09-Dec-17	129.06
09-Dec-17	150.43
09-Dec-17	290.4
09-Dec-17	555.75
10-Dec-17	13.79
10-Dec-17	16.26
10-Dec-17	30.47
10-Dec-17	83.04
10-Dec-17	89.98
10-Dec-17	105.63
10-Dec-17	106.04
10-Dec-17	137.88
10-Dec-17	281.72
10-Dec-17	512.57
12-Dec-17	12.47
12-Dec-17	12.86
12-Dec-17	30.61
12-Dec-17	64.94
12-Dec-17	72.28
12-Dec-17	92.75
12-Dec-17	95.85
12-Dec-17	124.05
12-Dec-17	258.75
12-Dec-17	501.97
01-Jan-18	13.99
01-Jan-18	17.95
01-Jan-18	27.97
01-Jan-18	70.48
01-Jan-18	77.33
01-Jan-18	90.3
01-Jan-18	108.2
01-Jan-18	136.34
01-Jan-18	280.3
01-Jan-18	500.88
02-Jan-18	16.57
02-Jan-18	26.72
02-Jan-18	27.69
02-Jan-18	86.67
02-Jan-18	91.44
02-Jan-18	100.69
02-Jan-18	137.6
02-Jan-18	164.67
02-Jan-18	302.09
02-Jan-18	519.72
03-Jan-18	14.99
03-Jan-18	26.63
03-Jan-18	29.82
03-Jan-18	92.12
03-Jan-18	98
03-Jan-18	105.75
03-Jan-18	132.54
03-Jan-18	149.51
03-Jan-18	308.06
03-Jan-18	475.01
06-Jan-18	18.17
06-Jan-18	20.54
06-Jan-18	34.76
06-Jan-18	95.69
06-Jan-18	95.83
06-Jan-18	97.35
06-Jan-18	113.2
06-Jan-18	125.88
06-Jan-18	303.66
06-Jan-18	402.43
08-Jan-18	17.87
08-Jan-18	18.15
08-Jan-18	35.19
08-Jan-18	91.51
08-Jan-18	92.33
08-Jan-18	95.39
08-Jan-18	98.46
08-Jan-18	119.72
08-Jan-18	278.53
08-Jan-18	336.47
10-Jan-18	13.8
10-Jan-18	18.65
10-Jan-18	29.82
10-Jan-18	80.44
10-Jan-18	82.88
10-Jan-18	83.99
10-Jan-18	86.38
10-Jan-18	100.62
10-Jan-18	252.89
10-Jan-18	312.56
11-Jan-18	16.51
11-Jan-18	17.27
11-Jan-18	35.99
08-Feb-18	91.32
08-Feb-18	96.64
08-Feb-18	97.99
08-Feb-18	118.14
08-Feb-18	281.4
08-Feb-18	331.66
10-Feb-18	14
10-Feb-18	17.68
10-Feb-18	30.08
10-Feb-18	80.35
10-Feb-18	81.36
10-Feb-18	83.5
10-Feb-18	87.63
10-Feb-18	98.1
10-Feb-18	254.54
10-Feb-18	316.72
11-Feb-18	16.76
11-Feb-18	17.82
11-Feb-18	36.55
11-Feb-18	78.16
11-Feb-18	79.92
11-Feb-18	93.12
11-Feb-18	95.36
11-Feb-18	111.07
11-Feb-18	259.64
11-Feb-18	344.5
01-Mar-18	14.18
01-Mar-18	17.96
01-Mar-18	25.9
01-Mar-18	70.82
01-Mar-18	77.47
01-Mar-18	92.15
01-Mar-18	111.65
01-Mar-18	143.19
01-Mar-18	281.49
01-Mar-18	506.99
04-Mar-18	15.74
04-Mar-18	27.65
04-Mar-18	36.76
04-Mar-18	101.43
04-Mar-18	101.48
04-Mar-18	108.1
04-Mar-18	134.89
04-Mar-18	171.58
04-Mar-18	317.53
04-Mar-18	502.57
05-Mar-18	20.69
05-Mar-18	22.21
05-Mar-18	36.13
05-Mar-18	95.98
05-Mar-18	99.52
05-Mar-18	101.5
05-Mar-18	124.88
05-Mar-18	143.59
05-Mar-18	307.66
05-Mar-18	474.88
07-Mar-18	16.33
07-Mar-18	17.55
07-Mar-18	30.97
07-Mar-18	88.09
07-Mar-18	90.23
07-Mar-18	90.83
07-Mar-18	95.28
07-Mar-18	112.63
07-Mar-18	300.65
07-Mar-18	315.03
08-Mar-18	17.28
08-Mar-18	18.29
08-Mar-18	35.2
08-Mar-18	90.25
08-Mar-18	92.49
08-Mar-18	96.21
08-Mar-18	97.99
08-Mar-18	117.61
08-Mar-18	282.85
08-Mar-18	338.85
09-Mar-18	14.99
09-Mar-18	17.24
09-Mar-18	34.83
09-Mar-18	84.17
09-Mar-18	87.76
09-Mar-18	89.63
09-Mar-18	91.98
09-Mar-18	111.71
09-Mar-18	277.69
09-Mar-18	328.83
10-Mar-18	13.82
10-Mar-18	17.02
10-Mar-18	30.36
10-Mar-18	79.99
10-Mar-18	80.21
10-Mar-18	82.78
10-Mar-18	87.92
10-Mar-18	97.47
10-Mar-18	247.35
10-Mar-18	313.99
12-Mar-18	13
12-Mar-18	15.96
12-Mar-18	36.3
12-Mar-18	64.46
12-Mar-18	74.69
12-Mar-18	82.35
12-Mar-18	90.55
12-Mar-18	92.34
12-Mar-18	196.64
12-Mar-18	300.88
01-Apr-18	14.37
01-Apr-18	18.96
01-Apr-18	26.77
01-Apr-18	70.92
01-Apr-18	78
01-Apr-18	92.45
01-Apr-18	109.4
01-Apr-18	141.87
01-Apr-18	284.83
01-Apr-18	508.94
04-Apr-18	16.74
04-Apr-18	27.1
04-Apr-18	36.62
04-Apr-18	100.06
04-Apr-18	100.46
04-Apr-18	106.96
04-Apr-18	133.34
04-Apr-18	165.45
04-Apr-18	315.36
04-Apr-18	488.73
05-Apr-18	19.8
05-Apr-18	22.96
05-Apr-18	36.63
05-Apr-18	96.34
05-Apr-18	98.2
05-Apr-18	102.07
05-Apr-18	124.37
05-Apr-18	142.77
05-Apr-18	307.14
05-Apr-18	479.46
06-Apr-18	17.94
06-Apr-18	20.5
06-Apr-18	35.23
06-Apr-18	96.17
06-Apr-18	96.37
09-Jun-18	107.09
09-Jun-18	276.72
09-Jun-18	323.28
11-Jun-18	14.84
11-Jun-18	16.73
11-Jun-18	38.08
11-Jun-18	72.93
11-Jun-18	74.04
11-Jun-18	86.53
11-Jun-18	93.92
11-Jun-18	100.47
11-Jun-18	275.05
11-Jun-18	338.24
12-Jun-18	13.04
12-Jun-18	16.81
12-Jun-18	36.6
12-Jun-18	63
12-Jun-18	68.88
12-Jun-18	80.93
12-Jun-18	85.48
12-Jun-18	90.75
12-Jun-18	184.69
12-Jun-18	292.96
02-Jul-18	16.8
02-Jul-18	26.77
02-Jul-18	28.28
02-Jul-18	90.36
02-Jul-18	94.11
02-Jul-18	99.13
02-Jul-18	136.08
02-Jul-18	158.54
02-Jul-18	297.92
02-Jul-18	521.47
03-Jul-18	14.91
03-Jul-18	26.76
03-Jul-18	29.34
03-Jul-18	91.16
03-Jul-18	97.84
03-Jul-18	106.23
03-Jul-18	134.15
03-Jul-18	154.34
03-Jul-18	300.06
03-Jul-18	488.94
05-Jul-18	18.99
05-Jul-18	22.54
05-Jul-18	36.24
05-Jul-18	96.5
05-Jul-18	97.22
05-Jul-18	101
05-Jul-18	124.82
05-Jul-18	141.24
05-Jul-18	311.74
05-Jul-18	478.25
06-Jul-18	18.7
06-Jul-18	19.87
06-Jul-18	34.43
06-Jul-18	96.26
06-Jul-18	97.53
06-Jul-18	99.73
06-Jul-18	114.14
06-Jul-18	131.3
06-Jul-18	309.86
06-Jul-18	409.33
08-Jul-18	17.78
08-Jul-18	18.14
08-Jul-18	34.45
08-Jul-18	91.7
08-Jul-18	95.73
08-Jul-18	96.34
08-Jul-18	97.28
08-Jul-18	125.31
08-Jul-18	296
08-Jul-18	343.79
09-Jul-18	13.71
09-Jul-18	20.35
09-Jul-18	32.88
09-Jul-18	77.31
09-Jul-18	83.1
09-Jul-18	84.76
09-Jul-18	89.63
09-Jul-18	102.26
09-Jul-18	277.59
09-Jul-18	322.27
11-Jul-18	15.84
11-Jul-18	17.4
11-Jul-18	38.58
11-Jul-18	74.96
11-Jul-18	77.69
11-Jul-18	87.86
11-Jul-18	93.95
11-Jul-18	105.49
11-Jul-18	278
11-Jul-18	341.38
12-Jul-18	13.31
12-Jul-18	17
12-Jul-18	36.79
12-Jul-18	63.48
12-Jul-18	72.07
12-Jul-18	81.99
12-Jul-18	89.72
12-Jul-18	90.2
12-Jul-18	192.1
12-Jul-18	299.54
01-Aug-18	15.68
01-Aug-18	20.96
01-Aug-18	27.2
01-Aug-18	75.48
01-Aug-18	81.01
01-Aug-18	94.27
01-Aug-18	112.82
01-Aug-18	142.85
01-Aug-18	290.15
01-Aug-18	521.81
02-Aug-18	16.01
02-Aug-18	26.77
02-Aug-18	28.88
02-Aug-18	90.39
02-Aug-18	92.57
02-Aug-18	98.9
02-Aug-18	129.28
02-Aug-18	151.25
02-Aug-18	300.17
02-Aug-18	521.56
03-Aug-18	14.9
03-Aug-18	28.09
03-Aug-18	28.94
03-Aug-18	89.69
03-Aug-18	96.25
03-Aug-18	105.5
03-Aug-18	131.41
03-Aug-18	150.91
03-Aug-18	297.67
03-Aug-18	483.84
05-Aug-18	18.07
05-Aug-18	21.6
05-Aug-18	36.73
05-Aug-18	95.67
05-Aug-18	96.85
05-Aug-18	100.55
05-Aug-18	122.85
05-Aug-18	137.42
05-Aug-18	308.76
05-Aug-18	472.25
08-Aug-18	17.36
08-Aug-18	17.86
08-Aug-18	34.86
08-Aug-18	90.67
08-Aug-18	93.08
08-Aug-18	96.79
08-Aug-18	97.1
08-Aug-18	123.11
08-Aug-18	293.07
08-Aug-18	346.76
10-Aug-18	11.53
10-Aug-18	16.45
10-Aug-18	27.58
10-Aug-18	67.04
10-Aug-18	71.79
10-Aug-18	75.72
10-Aug-18	84.43
10-Aug-18	85.97
10-Aug-18	212.09
10-Aug-18	297.15
11-Aug-18	15.52
11-Aug-18	17
11-Aug-18	37.83
11-Aug-18	75.32
11-Aug-18	75.58
11-Aug-18	86.76
11-Aug-18	94.97
11-Aug-18	106.13
11-Aug-18	265.79
11-Aug-18	340.01
01-Sep-18	16.32
01-Sep-18	22
01-Sep-18	27.26
01-Sep-18	74.43
09-Dec-18	99.86
09-Dec-18	276.08
09-Dec-18	315.14
10-Dec-18	10.02
10-Dec-18	15.54
10-Dec-18	29.36
10-Dec-18	59.01
10-Dec-18	68.54
10-Dec-18	72.4
10-Dec-18	81.45
10-Dec-18	82.56
10-Dec-18	181.18
10-Dec-18	297
11-Dec-18	15.43
11-Dec-18	16.8
11-Dec-18	38.22
11-Dec-18	72.99
11-Dec-18	73.93
11-Dec-18	83.88
11-Dec-18	93.03
11-Dec-18	105.58
11-Dec-18	247.79
11-Dec-18	336.36
12-Dec-18	12.89
12-Dec-18	16.3
12-Dec-18	36.54
12-Dec-18	66.39
12-Dec-18	69.86
12-Dec-18	86.98
12-Dec-18	87.66
12-Dec-18	89.35
12-Dec-18	182.51
12-Dec-18	294.06
01-Jan-19	12.23
01-Jan-19	17
01-Jan-19	38.85
01-Jan-19	65.94
01-Jan-19	73
01-Jan-19	80.76
01-Jan-19	83.98
01-Jan-19	87.64
01-Jan-19	183.08
01-Jan-19	305.54
02-Jan-19	14.29
02-Jan-19	15.82
02-Jan-19	39.69
02-Jan-19	64.44
02-Jan-19	68.98
02-Jan-19	87.2
02-Jan-19	89.81
02-Jan-19	93.12
02-Jan-19	242.04
02-Jan-19	335.89
03-Jan-19	11.87
03-Jan-19	14.5
03-Jan-19	37.09
03-Jan-19	51.11
12-Feb-19	232.06
12-Feb-19	340.44
01-Mar-19	11.62
01-Mar-19	17.72
01-Mar-19	38.88
01-Mar-19	63
01-Mar-19	72.02
01-Mar-19	77.59
01-Mar-19	82.31
01-Mar-19	86.24
01-Mar-19	176.97
01-Mar-19	314.99
04-Mar-19	11.19
04-Mar-19	12.95
04-Mar-19	34.02
04-Mar-19	46
04-Mar-19	60.96
04-Mar-19	65.49
04-Mar-19	75.56
04-Mar-19	84.56
04-Mar-19	219.52
04-Mar-19	321.86
05-Mar-19	9.75
05-Mar-19	13.27
05-Mar-19	28.67
05-Mar-19	34.23
05-Mar-19	43.69
05-Mar-19	60.06
05-Mar-19	71.9
05-Mar-19	72
05-Mar-19	190.85
05-Mar-19	285.64
06-Mar-19	8.29
06-Mar-19	13.68
06-Mar-19	27.78
06-Mar-19	32.26
06-Mar-19	35
06-Mar-19	50.62
06-Mar-19	57.48
06-Mar-19	78.91
06-Mar-19	184.14
06-Mar-19	272.54
07-Mar-19	8.39
07-Mar-19	13.9
07-Mar-19	27.41
07-Mar-19	29.59
07-Mar-19	33.61
07-Mar-19	57.36
07-Mar-19	60.12
07-Mar-19	79.88
07-Mar-19	158.21
07-Mar-19	273.4
09-Mar-19	5.96
09-Mar-19	12.55
09-Mar-19	17.08
09-Mar-19	21.98
09-Mar-19	26.94
09-Mar-19	46
09-Mar-19	46.9
09-Mar-19	64.81
09-Mar-19	129.3
09-Mar-19	255.07
10-Mar-19	6.64
10-Mar-19	13.81
10-Mar-19	25.81
10-Mar-19	26.35
10-Mar-19	32.6
10-Mar-19	55.94
10-Mar-19	60.99
10-Mar-19	72.14
10-Mar-19	140.67
10-Mar-19	271.76
12-Mar-19	8.61
12-Mar-19	14.09
12-Mar-19	33.12
12-Mar-19	37.92
12-Mar-19	50.52
12-Mar-19	73.18
12-Mar-19	79.34
12-Mar-19	92.38
12-Mar-19	220.58
12-Mar-19	324.37
01-Apr-19	11.73
01-Apr-19	17.73
01-Apr-19	38.88
01-Apr-19	63.8
01-Apr-19	71.75
01-Apr-19	78
01-Apr-19	82.2
01-Apr-19	85.6
01-Apr-19	176.68
01-Apr-19	313.56
02-Apr-19	14.67
02-Apr-19	16.2
02-Apr-19	40.03
02-Apr-19	63.74
02-Apr-19	72.42
02-Apr-19	87.75
02-Apr-19	91.56
02-Apr-19	94.44
02-Apr-19	239.8
02-Apr-19	336.91
03-Apr-19	11.97
03-Apr-19	36.99
03-Apr-19	50.24
03-Apr-19	69.35
03-Apr-19	75.88
03-Apr-19	87.29
03-Apr-19	91.77
03-Apr-19	238.88
03-Apr-19	327.86
04-Apr-19	10.93
04-Apr-19	12
04-Apr-19	33.49
04-Apr-19	43.71
04-Apr-19	59.38
04-Apr-19	64.6
04-Apr-19	72.85
04-Apr-19	83.03
04-Apr-19	210.37
04-Apr-19	318.32
07-Apr-19	8.03
07-Apr-19	27.04
07-Apr-19	28.6
07-Apr-19	32.43
07-Apr-19	56.29
07-Apr-19	57.26
07-Apr-19	81
07-Apr-19	159.54
07-Apr-19	274.08
09-Apr-19	6.27
09-Apr-19	13.43
09-Apr-19	17.72
09-Apr-19	22.97
09-Apr-19	27.91
05-Jun-19	41.62
05-Jun-19	57.16
05-Jun-19	70.07
05-Jun-19	70.27
05-Jun-19	181.96
05-Jun-19	279.42
08-Jun-19	6.14
08-Jun-19	11.13
08-Jun-19	18.95
08-Jun-19	25.33
08-Jun-19	26.3
08-Jun-19	43.86
08-Jun-19	44.01
08-Jun-19	67.53
08-Jun-19	143.08
08-Jun-19	252.6
09-Jun-19	6.02
09-Jun-19	17.32
09-Jun-19	22.92
09-Jun-19	27.16
09-Jun-19	46.59
09-Jun-19	46.9
09-Jun-19	69.85
09-Jun-19	132.96
09-Jun-19	257.75
11-Jun-19	7.99
11-Jun-19	13.48
11-Jun-19	29.18
11-Jun-19	30.57
11-Jun-19	42.84
11-Jun-19	68.61
11-Jun-19	70.06
11-Jun-19	75.77
11-Jun-19	151.02
11-Jun-19	312.5
12-Jun-19	9.16
12-Jun-19	13.7
12-Jun-19	34.34
12-Jun-19	37.2
12-Jun-19	51.64
12-Jun-19	77.87
12-Jun-19	81.8
12-Jun-19	94.24
12-Jun-19	219.12
12-Jun-19	323.04
01-Jul-19	12.28
01-Jul-19	40.19
01-Jul-19	63.77
01-Jul-19	72.99
01-Jul-19	80.4
01-Jul-19	85.15
01-Jul-19	89.42
01-Jul-19	178.19
01-Jul-19	324.6
02-Jul-19	13.91
02-Jul-19	15.87
02-Jul-19	38.93
02-Jul-19	61.78
02-Jul-19	73.17
02-Jul-19	87.99
02-Jul-19	92.44
02-Jul-19	94.37
02-Jul-19	250.75
02-Jul-19	336.65
03-Jul-19	11.99
03-Jul-19	14.51
03-Jul-19	37.23
03-Jul-19	50.5
03-Jul-19	68.12
03-Jul-19	75.23
03-Jul-19	85.03
03-Jul-19	90.95
03-Jul-19	246.69
03-Jul-19	326.53
05-Jul-19	9.42
05-Jul-19	28.52
05-Jul-19	32.03
05-Jul-19	40.4
05-Jul-19	56.25
05-Jul-19	68.62
05-Jul-19	69.51
05-Jul-19	173.05
05-Jul-19	277.6
08-Jul-19	6.01
08-Jul-19	10.99
08-Sep-19	25.39
08-Sep-19	45.79
08-Sep-19	46.09
08-Sep-19	62.76
08-Sep-19	133.9
08-Sep-19	236.45
10-Sep-19	7.8
10-Sep-19	26.76
10-Sep-19	27.26
10-Sep-19	32.56
10-Sep-19	57.34
10-Sep-19	67.94
10-Sep-19	73.79
10-Sep-19	141.04
10-Sep-19	274.14
12-Sep-19	8.86
12-Sep-19	13.22
12-Sep-19	35.44
12-Sep-19	35.48
12-Sep-19	49.87
12-Sep-19	75.61
12-Sep-19	81.14
12-Sep-19	92.87
12-Sep-19	208.17
12-Sep-19	326.34
01-Oct-19	12.93
01-Oct-19	17.42
01-Oct-19	39.58
01-Oct-19	62.56
01-Oct-19	72.58
01-Oct-19	80.01
01-Oct-19	84.81
01-Oct-19	90
01-Oct-19	176.95
01-Oct-19	328.43
04-Oct-19	9.44
04-Oct-19	11.8
04-Oct-19	31.5
04-Oct-19	35.76
04-Oct-19	50.47
04-Oct-19	59.91
04-Oct-19	74.59
04-Oct-19	76.75
04-Oct-19	198.98
04-Oct-19	314.7
05-Oct-19	8.84
05-Oct-19	12.48
05-Oct-19	25.73
05-Oct-19	27.72
05-Oct-19	40.25
05-Oct-19	54.08
05-Oct-19	68.01
05-Oct-19	70.02
05-Oct-19	148.74
05-Oct-19	266.09
06-Oct-19	7.5
06-Oct-19	26.4
06-Oct-19	30.65
06-Oct-19	36.51
06-Oct-19	48.09
06-Oct-19	54.61
06-Oct-19	77.25
06-Oct-19	174.94
06-Oct-19	263.25
07-Oct-19	7.69
07-Oct-19	25.05
07-Oct-19	28.17
07-Oct-19	33.54
07-Oct-19	52.18
07-Oct-19	52.33
07-Oct-19	78.05
07-Oct-19	152.47
07-Oct-19	268.93
10-Oct-19	8.01
10-Oct-19	14
10-Oct-19	27.73
10-Oct-19	28.33
10-Oct-19	32.69
10-Oct-19	58.04
10-Oct-19	69.77
10-Oct-19	75.22
10-Oct-19	143.02
10-Oct-19	277.39
12-Oct-19	8.98
12-Oct-19	13.77
12-Oct-19	35.11
12-Oct-19	37.01
12-Oct-19	52.36
12-Oct-19	77.16
12-Oct-19	82.2
12-Oct-19	92.43
12-Oct-19	218.55
12-Oct-19	327.7
01-Nov-19	12.78
01-Nov-19	16.47
01-Nov-19	39.08
01-Nov-19	62.51
01-Nov-19	71.14
01-Nov-19	79.44
01-Nov-19	83.89
01-Nov-19	88.79
01-Nov-19	176.64
01-Nov-19	321.32
02-Nov-19	13.5
02-Nov-19	15.55
02-Nov-19	38.49
02-Nov-19	55.77
02-Nov-19	72.06
02-Nov-19	87.56
02-Nov-19	91.57
02-Nov-19	93.23
02-Nov-19	235.37
02-Nov-19	329.97
03-Nov-19	12.67
03-Nov-19	36.85
09-Dec-19	266.84
11-Dec-19	8.15
11-Dec-19	13.5
11-Dec-19	29.04
11-Dec-19	30.17
11-Dec-19	45.92
11-Dec-19	69
11-Dec-19	73.41
11-Dec-19	81.87
11-Dec-19	152.1
11-Dec-19	322.03
12-Dec-19	8.59
12-Dec-19	13.65
12-Dec-19	34.94
12-Dec-19	36.78
12-Dec-19	52.32
12-Dec-19	75.19
12-Dec-19	81.05
12-Dec-19	90.5
12-Dec-19	224.37
12-Dec-19	327.73
01-Jan-20	7.98
01-Jan-20	13.99
03-Mar-20	65.17
03-Mar-20	75.68
03-Mar-20	92.05
03-Mar-20	198.95
03-Mar-20	324.5
04-Mar-20	7.52
04-Mar-20	10.66
04-Mar-20	27.45
04-Mar-20	27.74
04-Mar-20	61.58
04-Mar-20	67.09
04-Mar-20	67.82
04-Mar-20	76.38
04-Mar-20	149.96
04-Mar-20	277.28
06-Mar-20	8
06-Mar-20	8.35
06-Mar-20	26.38
06-Mar-20	31.45
06-Mar-20	70.13
06-Mar-20	77.98
06-Mar-20	81.21
06-Mar-20	86.08
06-Mar-20	185.94
06-Mar-20	288.72
07-Mar-20	8.04
07-Mar-20	9.68
07-Mar-20	26.34
07-Mar-20	30.37
07-Mar-20	73.68
07-Mar-20	74.93
07-Mar-20	90.45
07-Mar-20	91.88
07-Mar-20	198.59
07-Mar-20	298.16
08-Mar-20	9.28
08-Mar-20	10.34
08-Mar-20	32.04
08-Mar-20	34.78
08-Mar-20	78.48
08-Mar-20	81.46
08-Mar-20	106.27
08-Mar-20	128.94
08-Mar-20	317.46
08-Mar-20	317.98
09-Mar-20	11.14
09-Mar-20	11.77
09-Mar-20	39.16
09-Mar-20	43.61
09-Mar-20	84.47
09-Mar-20	89.73
09-Mar-20	117.63
09-Mar-20	143.82
09-Mar-20	303.29
09-Mar-20	328.3
11-Mar-20	9.76
11-Mar-20	10.06
11-Mar-20	41.69
11-Mar-20	43.68
11-Mar-20	69.5
11-Mar-20	82.04
11-Mar-20	112.44
11-Mar-20	137.86
11-Mar-20	308
11-Mar-20	325.44
12-Mar-20	9.62
12-Mar-20	9.93
04-Jul-20	26.99
04-Jul-20	59.3
04-Jul-20	69.28
04-Jul-20	69.55
04-Jul-20	76.8
04-Jul-20	136.88
04-Jul-20	272.21
05-Jul-20	7.19
05-Jul-20	8.5
05-Jul-20	27.53
05-Jul-20	27.61
05-Jul-20	67.05
05-Jul-20	77.17
05-Jul-20	78.72
05-Jul-20	80.38
05-Jul-20	164.3
05-Jul-20	305.23
07-Jul-20	8.39
07-Jul-20	9.48
07-Jul-20	26.99
07-Jul-20	32
07-Jul-20	70.75
07-Jul-20	75.01
07-Jul-20	93.04
07-Jul-20	98.39
07-Jul-20	221.87
07-Jul-20	295.94
08-Jul-20	9.7
08-Jul-20	10.28
08-Jul-20	31.2
08-Jul-20	34.04
08-Jul-20	77.35
08-Jul-20	79.78
08-Jul-20	106.17
08-Jul-20	133.49
08-Jul-20	313.92
08-Jul-20	367.8
09-Jul-20	11.52
09-Jul-20	12.93
09-Jul-20	41.39
09-Jul-20	46.37
09-Jul-20	83.12
09-Jul-20	93.66
09-Jul-20	116.2
09-Jul-20	142.09
09-Jul-20	303.18
09-Jul-20	325.67
10-Jul-20	9.56
10-Jul-20	9.69
10-Jul-20	42.56
10-Jul-20	43.59
10-Jul-20	74.42
10-Jul-20	76.59
10-Jul-20	111.08
10-Jul-20	116.22
10-Jul-20	269.74
10-Jul-20	298.38
12-Jul-20	9.68
12-Jul-20	9.97
12-Jul-20	41.15
12-Jul-20	46.05
12-Jul-20	70.16
12-Jul-20	84.59
12-Jul-20	105.75
12-Jul-20	134.38
12-Jul-20	303.08
12-Jul-20	316.04
01-Aug-20	7.3
01-Aug-20	12.36
01-Aug-20	28.79
01-Aug-20	32.03
01-Aug-20	48.95
01-Aug-20	72.06
01-Aug-20	76.24
01-Aug-20	95.03
01-Aug-20	199.12
01-Aug-20	347.41
04-Aug-20	6.85
04-Aug-20	9.5
04-Aug-20	25.49
04-Aug-20	26.26
04-Aug-20	58.91
04-Aug-20	69.22
04-Aug-20	69.25
04-Aug-20	76.8
04-Aug-20	131.56
04-Aug-20	269.61
05-Aug-20	7.23
05-Aug-20	8.44
05-Aug-20	26.56
05-Aug-20	27.11
05-Aug-20	65.99
05-Aug-20	78.44
05-Aug-20	79.35
05-Aug-20	80.49
05-Aug-20	161.94
05-Aug-20	303.73
06-Aug-20	8.01
06-Aug-20	8.48
06-Aug-20	26.43
06-Aug-20	30.94
06-Aug-20	69.37
06-Aug-20	76.03
06-Aug-20	83.37
06-Aug-20	88.61
06-Aug-20	193.3
06-Aug-20	289.41
07-Aug-20	8.28
07-Aug-20	9.4
07-Aug-20	26.9
07-Aug-20	34.4
07-Aug-20	70.31
07-Aug-20	74.45
07-Aug-20	95.31
07-Aug-20	101.23
07-Aug-20	218.45
07-Aug-20	295.08
09-Aug-20	11.08
09-Aug-20	12
09-Aug-20	39.96
09-Aug-20	44.2
09-Aug-20	82.5
09-Aug-20	91.23
09-Aug-20	113.79
09-Aug-20	138.69
09-Aug-20	303.46
09-Aug-20	317.26
10-Aug-20	9.54
10-Aug-20	9.77
10-Aug-20	44.02
10-Aug-20	44.56
10-Aug-20	73.33
10-Aug-20	77.11
10-Aug-20	110.08
10-Aug-20	124.93
10-Aug-20	267.1
10-Aug-20	301.33
12-Aug-20	9.88
12-Aug-20	10.17
12-Aug-20	40.73
12-Aug-20	46.43
12-Aug-20	69.76
12-Aug-20	84.42
12-Aug-20	107.35
12-Aug-20	136.58
12-Aug-20	304.89
12-Aug-20	314.16
01-Sep-20	8.17
01-Sep-20	13.31
01-Sep-20	30.1
01-Sep-20	33.63
01-Sep-20	51.39
01-Sep-20	75.66
01-Sep-20	78.69
01-Sep-20	98.68
01-Sep-20	209.07
01-Sep-20	354.19
03-Sep-20	8.39
03-Sep-20	10.72
03-Sep-20	28.63
03-Sep-20	30.12
03-Sep-20	65
03-Sep-20	76.98
03-Sep-20	84.82
03-Sep-20	85.54
03-Sep-20	213.31
03-Sep-20	301
04-Sep-20	7.21
04-Sep-20	10
04-Sep-20	26.82
04-Sep-20	27.4
04-Sep-20	60.87
04-Sep-20	74.41
04-Sep-20	74.44
04-Sep-20	78.11
04-Sep-20	136.57
04-Sep-20	274.55
06-Sep-20	7.93
06-Sep-20	8.6
06-Sep-20	26.15
06-Sep-20	30.93
06-Sep-20	69.75
06-Sep-20	75.15
06-Sep-20	83.18
06-Sep-20	87.95
06-Sep-20	198.11
06-Sep-20	287.92
07-Sep-20	8.19
07-Sep-20	9.3
07-Sep-20	27.54
07-Sep-20	36.98
07-Sep-20	72.07
07-Sep-20	72.29
07-Sep-20	95.63
07-Sep-20	104.37
07-Sep-20	218.72
07-Sep-20	298.78
09-Sep-20	11.23
09-Sep-20	11.92
09-Sep-20	40.09
09-Sep-20	44
09-Sep-20	81.75
09-Sep-20	91.32
09-Sep-20	113.1
09-Sep-20	137.6
09-Sep-20	304.12
09-Sep-20	314.97
10-Sep-20	9.69
10-Sep-20	9.76
10-Sep-20	44.01
10-Sep-20	44.46
10-Sep-20	73.27
10-Sep-20	79.25
10-Sep-20	109.58
10-Sep-20	124.34
10-Sep-20	276.52
10-Sep-20	300.74
11-Sep-20	10.22
11-Sep-20	10.29
11-Sep-20	42.15
11-Sep-20	42.93
11-Sep-20	68.81
11-Sep-20	81.57
11-Sep-20	109.26
11-Sep-20	134.95
11-Sep-20	304.42
11-Sep-20	318.11
12-Sep-20	9.7
12-Sep-20	9.91
12-Sep-20	43.57
12-Sep-20	47.26
12-Sep-20	70.14
12-Sep-20	83.62
12-Sep-20	108.11
12-Sep-20	137.82
12-Sep-20	305.82
12-Sep-20	316.02
01-Oct-20	8.36
01-Oct-20	13.96
01-Oct-20	30.08
01-Oct-20	35.31
01-Oct-20	52.27
01-Oct-20	76.67
01-Oct-20	78.87
01-Oct-20	103.21
01-Oct-20	212.21
01-Oct-20	359.85
02-Oct-20	7.51
02-Oct-20	12.34
02-Oct-20	29.23
02-Oct-20	30.69
02-Oct-20	49.33
02-Oct-20	62.65
02-Oct-20	65.39
02-Oct-20	93.68
02-Oct-20	187.22
02-Oct-20	326.41
03-Oct-20	8.16
03-Oct-20	10.61
03-Oct-20	30.1
03-Oct-20	31.59
03-Oct-20	67.96
03-Oct-20	82.36
03-Oct-20	85.98
03-Oct-20	87.9
03-Oct-20	217.79
03-Oct-20	307.47
04-Oct-20	7.14
04-Oct-20	9.75
04-Oct-20	27
04-Oct-20	27.35
04-Oct-20	59.5
04-Oct-20	75.72
04-Oct-20	76.04
04-Oct-20	78.76
04-Oct-20	138.14
04-Oct-20	279.24
06-Oct-20	7.82
06-Oct-20	9.42
06-Oct-20	27.25
06-Oct-20	31.07
06-Oct-20	69
06-Oct-20	74.96
06-Oct-20	82.49
06-Oct-20	87.28
06-Oct-20	194.09
06-Oct-20	287.95
07-Oct-20	8.3
07-Oct-20	9.87
07-Oct-20	27.72
07-Oct-20	36.07
07-Oct-20	72.21
07-Oct-20	72.22
07-Oct-20	95.97
07-Oct-20	105.86
07-Oct-20	217.32
07-Oct-20	300.9
08-Oct-20	9.43
08-Oct-20	10.17
08-Oct-20	30.32
08-Oct-20	35.38
08-Oct-20	75.59
08-Oct-20	80.69
08-Oct-20	104.63
08-Oct-20	128.02
08-Oct-20	311.94
08-Oct-20	340.55
09-Oct-20	11.2
09-Oct-20	11.93
09-Oct-20	40.75
09-Oct-20	45.01
09-Oct-20	84.18
09-Oct-20	91.41
09-Oct-20	115
09-Oct-20	137.58
09-Oct-20	308.23
09-Oct-20	314.44
11-Oct-20	9.93
11-Oct-20	10.1
11-Oct-20	43.06
11-Oct-20	43.26
11-Oct-20	69.1
11-Oct-20	81.66
11-Oct-20	109.16
11-Oct-20	137.13
11-Oct-20	307.77
11-Oct-20	314.53
12-Oct-20	9.69
12-Oct-20	9.87
12-Oct-20	42.73
12-Oct-20	47.74
12-Oct-20	73.04
12-Oct-20	79.44
12-Oct-20	108.41
12-Oct-20	138.13
12-Oct-20	303.08
12-Oct-20	313.58
02-Nov-20	7.83
02-Nov-20	12.5
02-Nov-20	30.15
02-Nov-20	31.84
02-Nov-20	51.01
02-Nov-20	64.55
02-Nov-20	68.24
02-Nov-20	97.72
02-Nov-20	188.36
02-Nov-20	329.05
03-Nov-20	7.94
03-Nov-20	10.3
03-Nov-20	29.51
03-Nov-20	33.32
03-Nov-20	66.19
03-Nov-20	85.92
03-Nov-20	85.95
03-Nov-20	86.47
03-Nov-20	210.5
03-Nov-20	304.9
05-Nov-20	7.24
05-Nov-20	8.31
05-Nov-20	27.02
05-Nov-20	27.55
05-Nov-20	66.78
05-Nov-20	76.98
05-Nov-20	78.71
05-Nov-20	80.5
05-Nov-20	160.61
05-Nov-20	303.4
06-Nov-20	8.26
06-Nov-20	10.42
06-Nov-20	27.57
06-Nov-20	33.1
06-Nov-20	69.01
06-Nov-20	75.11
06-Nov-20	83.66
06-Nov-20	88.19
06-Nov-20	199.24
06-Nov-20	290.77
08-Nov-20	9.49
08-Nov-20	10.2
08-Nov-20	31.43
08-Nov-20	35.39
08-Nov-20	77.25
08-Nov-20	86.74
08-Nov-20	106.14
08-Nov-20	130.67
08-Nov-20	314.88
08-Nov-20	330.19
09-Nov-20	11.16
09-Nov-20	11.68
09-Nov-20	40.32
09-Nov-20	43.32
09-Nov-20	85.23
09-Nov-20	89.79
09-Nov-20	113.31
09-Nov-20	134.85
09-Nov-20	312.23
09-Nov-20	323.12
11-Nov-20	9.85
11-Nov-20	9.85
11-Nov-20	42.51
11-Nov-20	42.98
11-Nov-20	69.25
11-Nov-20	81.58
11-Nov-20	107.84
11-Nov-20	133.84
11-Nov-20	305.34
11-Nov-20	310.45
12-Nov-20	9.57
12-Nov-20	10.02
12-Nov-20	42.25
12-Nov-20	48.36
12-Nov-20	74.1
12-Nov-20	80.38
12-Nov-20	108.4
12-Nov-20	137.56
12-Nov-20	303.62
12-Nov-20	312.97
02-Dec-20	8.05
02-Dec-20	12.13
02-Dec-20	30.71
02-Dec-20	32.33
02-Dec-20	52.63
02-Dec-20	66.61
02-Dec-20	67.68
02-Dec-20	99.81
02-Dec-20	199.66
02-Dec-20	337.99
03-Dec-20	7.48
03-Dec-20	9.3
03-Dec-20	27.89
03-Dec-20	31.4
03-Dec-20	62.41
03-Dec-20	79.97
03-Dec-20	80.63
03-Dec-20	82.63
03-Dec-20	200.32
03-Dec-20	286.02
05-Dec-20	8.24
05-Dec-20	9.02
05-Dec-20	27.31
05-Dec-20	28.46
05-Dec-20	67.25
05-Dec-20	77.66
05-Dec-20	84.15
05-Dec-20	86.08
05-Dec-20	163.33
05-Dec-20	307.87
06-Dec-20	8.13
06-Dec-20	10.85
06-Dec-20	27.07
06-Dec-20	32.46
06-Dec-20	70.07
06-Dec-20	73.72
06-Dec-20	83.75
06-Dec-20	88.5
06-Dec-20	198.07
06-Dec-20	287.72
08-Dec-20	9.22
08-Dec-20	10.2
08-Dec-20	31.91
08-Dec-20	35.86
08-Dec-20	78.15
08-Dec-20	88.76
08-Dec-20	105.72
08-Dec-20	127.77
08-Dec-20	313.31
08-Dec-20	328.16
10-Dec-20	9.12
10-Dec-20	9.38
10-Dec-20	41.81
10-Dec-20	42.89
10-Dec-20	75.71
10-Dec-20	77.53
10-Dec-20	106.99
10-Dec-20	121.58
10-Dec-20	281.87
10-Dec-20	299.63
11-Dec-20	9.53
11-Dec-20	9.54
11-Dec-20	40.93
11-Dec-20	42.52
11-Dec-20	68.75
11-Dec-20	79.84
11-Dec-20	105.53
11-Dec-20	130.11
11-Dec-20	304.66
11-Dec-20	305.17
01-Jan-21	10.62
01-Jan-21	11.62
01-Jan-21	44.02
01-Jan-21	47.43
01-Jan-21	82.92
01-Jan-21	85.27
01-Jan-21	114.86
01-Jan-21	142.7
01-Jan-21	312.58
01-Jan-21	325.26
02-Jan-21	10.85
02-Jan-21	11.52
02-Jan-21	50.29
02-Jan-21	71.8
02-Jan-21	87.07
02-Jan-21	87.77
02-Jan-21	118.41
02-Jan-21	164.23
02-Jan-21	312.74
02-Jan-21	320.13
03-Jan-21	11.92
03-Jan-21	13.61
03-Jan-21	52.44
03-Jan-21	70.19
03-Jan-21	77.81
03-Jan-21	84.93
03-Jan-21	135.22
03-Jan-21	174.38
03-Jan-21	273.48
03-Jan-21	303.47
04-Jan-21	9.35
04-Jan-21	12.38
04-Jan-21	54.79
04-Jan-21	67.23
04-Jan-21	68.6
04-Jan-21	81.84
04-Jan-21	117.71
04-Jan-21	158.23
04-Jan-21	268.21
04-Jan-21	298.04
06-Jan-21	10.53
06-Jan-21	18.59
06-Jan-21	50.1
06-Jan-21	68.91
06-Jan-21	80.01
06-Jan-21	86.13
06-Jan-21	131.11
06-Jan-21	190.09
06-Jan-21	319.9
06-Jan-21	339.75
07-Jan-21	12.25
07-Jan-21	22.11
07-Jan-21	47.79
07-Jan-21	71.92
07-Jan-21	80.37
07-Jan-21	115.52
07-Jan-21	120.39
07-Jan-21	178.08
07-Jan-21	295.75
07-Jan-21	350.44
09-Jan-21	11.28
09-Jan-21	19.74
09-Jan-21	64.14
09-Jan-21	76.17
09-Jan-21	79.65
09-Jan-21	106.03
09-Jan-21	116.24
09-Jan-21	172.43
09-Jan-21	295.06
09-Jan-21	340.39
10-Jan-21	9.23
10-Jan-21	14.1
10-Jan-21	56.45
10-Jan-21	63.92
10-Jan-21	73.67
10-Jan-21	86.62
10-Jan-21	96.46
10-Jan-21	142.64
10-Jan-21	263.98
10-Jan-21	280.18
02-Feb-21	10.86
02-Feb-21	11.16
02-Feb-21	50.58
02-Feb-21	77.18
02-Feb-21	86.37
02-Feb-21	90.98
02-Feb-21	117.32
02-Feb-21	166.22
02-Feb-21	312.05
02-Feb-21	323.46
03-Feb-21	12.43
03-Feb-21	13.67
03-Feb-21	51.26
03-Feb-21	71
03-Feb-21	79.65
03-Feb-21	86.33
03-Feb-21	135.23
03-Feb-21	177.21
03-Feb-21	293.31
03-Feb-21	304.97
04-Feb-21	9.56
04-Feb-21	12.19
04-Feb-21	54.78
04-Feb-21	68.77
04-Feb-21	68.93
04-Feb-21	81.75
04-Feb-21	117.52
04-Feb-21	159.11
04-Feb-21	280.53
04-Feb-21	299.44
06-Feb-21	10.49
06-Feb-21	19.17
06-Feb-21	50.28
06-Feb-21	71.67
06-Feb-21	79.53
06-Feb-21	86.03
06-Feb-21	129.55
06-Feb-21	190.83
06-Feb-21	318.39
06-Feb-21	360.82
07-Feb-21	12.05
07-Feb-21	21.7
07-Feb-21	47.73
07-Feb-21	70.08
07-Feb-21	79.31
07-Feb-21	113.92
07-Feb-21	118.21
07-Feb-21	173.43
07-Feb-21	296.39
07-Feb-21	347.74
08-Feb-21	10.69
08-Feb-21	19.91
08-Feb-21	55.62
08-Feb-21	72.18
08-Feb-21	77.77
08-Feb-21	102.48
08-Feb-21	110.04
08-Feb-21	167.03
08-Feb-21	296.12
08-Feb-21	358.96
09-Feb-21	11.07
09-Feb-21	19.13
09-Feb-21	63.93
09-Feb-21	75.88
09-Feb-21	79.8
09-Feb-21	103.22
09-Feb-21	114.7
09-Feb-21	163.29
09-Feb-21	292.44
09-Feb-21	323.61
02-Mar-21	11.36
02-Mar-21	11.45
02-Mar-21	51.16
02-Mar-21	82.79
02-Mar-21	85.33
02-Mar-21	91.32
02-Mar-21	121.16
02-Mar-21	178.68
02-Mar-21	313.05
02-Mar-21	323.61
03-Mar-21	12.62
03-Mar-21	14.69
03-Mar-21	51.62
03-Mar-21	71.72
03-Mar-21	82.09
03-Mar-21	86.85
03-Mar-21	137.07
03-Mar-21	182.79
03-Mar-21	301.85
03-Mar-21	305.44
05-Mar-21	8.41
05-Mar-21	11.42
05-Mar-21	49.17
05-Mar-21	60.34
05-Mar-21	73.73
05-Mar-21	79.45
05-Mar-21	110.12
05-Mar-21	161.69
05-Mar-21	280.48
05-Mar-21	296.72
06-Mar-21	10.54
06-Mar-21	19.44
06-Mar-21	50.05
06-Mar-21	74.33
06-Mar-21	79.48
06-Mar-21	84.53
06-Mar-21	129.42
06-Mar-21	192.14
06-Mar-21	316.25
06-Mar-21	373.42
08-Mar-21	10.93
08-Mar-21	20.56
08-Mar-21	56.13
08-Mar-21	76.39
08-Mar-21	77.44
08-Mar-21	104.07
08-Mar-21	112.97
08-Mar-21	169.48
08-Mar-21	294.74
08-Mar-21	361.51
09-Mar-21	10.98
09-Mar-21	19.11
09-Mar-21	64.61
09-Mar-21	75.85
09-Mar-21	80.41
09-Mar-21	102.89
09-Mar-21	112.22
09-Mar-21	164.66
09-Mar-21	292.56
09-Mar-21	323.18
01-Apr-21	10.27
01-Apr-21	11.08
01-Apr-21	46.25
01-Apr-21	47.02
01-Apr-21	83.47
01-Apr-21	89.95
01-Apr-21	110.66
01-Apr-21	140.14
01-Apr-21	309.9
01-Apr-21	318.49
02-Apr-21	11.04
02-Apr-21	11.05
02-Apr-21	50.05
02-Apr-21	80.79
02-Apr-21	86.34
02-Apr-21	91.08
02-Apr-21	118.62
02-Apr-21	176.55
02-Apr-21	315.25
02-Apr-21	320.51
03-Apr-21	11.7
03-Apr-21	15.79
03-Apr-21	49.9
03-Apr-21	70.44
03-Apr-21	78.3
03-Apr-21	85.36
03-Apr-21	132.02
03-Apr-21	176.37
03-Apr-21	290.09
03-Apr-21	301.96
05-Apr-21	8.49
05-Apr-21	11.15
05-Apr-21	50.19
05-Apr-21	62.16
05-Apr-21	74.17
05-Apr-21	80.09
05-Apr-21	109.45
05-Apr-21	161.07
05-Apr-21	297.72
05-Apr-21	299.45
06-Apr-21	10.69
06-Apr-21	19.3
06-Apr-21	49.75
06-Apr-21	74.49
06-Apr-21	79.61
06-Apr-21	85.16
06-Apr-21	129.97
06-Apr-21	192.32
06-Apr-21	316.16
06-Apr-21	392.34
08-Apr-21	10.81
08-Apr-21	19.85
08-Apr-21	56.62
08-Apr-21	77.33
08-Apr-21	79.79
08-Apr-21	101.5
08-Apr-21	111.3
08-Apr-21	168.23
08-Apr-21	293.97
08-Apr-21	365.92
10-Apr-21	9.4
10-Apr-21	14.34
10-Apr-21	57.07
10-Apr-21	63.6
10-Apr-21	73.97
10-Apr-21	86.39
10-Apr-21	101.82
10-Apr-21	139.77
10-Apr-21	262.09
10-Apr-21	282.32
01-May-21	10.33
01-May-21	10.99
01-May-21	47.01
01-May-21	49.54
01-May-21	83.18
01-May-21	86.65
01-May-21	111.63
01-May-21	140.82
01-May-21	308.58
01-May-21	318.22
03-May-21	11.77
03-May-21	16.97
03-May-21	50.61
03-May-21	70.67
03-May-21	80.26
03-May-21	86.17
03-May-21	134.3
03-May-21	175.89
03-May-21	288.44
03-May-21	304.52
04-May-21	9.2
04-May-21	11.87
04-May-21	54.09
04-May-21	65.67
04-May-21	66.4
04-May-21	80.45
04-May-21	115.43
04-May-21	156.31
04-May-21	282.44
04-May-21	305.43
05-May-21	8.57
05-May-21	11.35
05-May-21	50.8
05-May-21	62.54
05-May-21	78.5
05-May-21	79.97
05-May-21	110.57
05-May-21	165.74
05-May-21	299.01
05-May-21	301.92
07-May-21	12.4
07-May-21	21.1
07-May-21	47.22
07-May-21	69.32
07-May-21	80.48
07-May-21	114.1
07-May-21	115.42
07-May-21	171.58
07-May-21	294.14
07-May-21	345.46
08-May-21	10.94
08-May-21	20.39
08-May-21	57.25
08-May-21	76.97
08-May-21	79.87
08-May-21	101.59
08-May-21	110.85
08-May-21	168.4
08-May-21	294.29
08-May-21	366.02
10-May-21	9.04
10-May-21	13.91
10-May-21	58.53
10-May-21	63.84
10-May-21	74.74
10-May-21	81.92
10-May-21	100.65
10-May-21	133.82
10-May-21	259.54
10-May-21	279.45
01-Jun-21	10.3
01-Jun-21	10.71
01-Jun-21	50.05
01-Jun-21	50.24
01-Jun-21	82.86
01-Jun-21	85.61
01-Jun-21	112.88
01-Jun-21	143.47
01-Jun-21	312.09
01-Jun-21	320.09
04-Jun-21	9.74
04-Jun-21	12.87
04-Jun-21	54.35
04-Jun-21	68.22
04-Jun-21	70.04
04-Jun-21	82.29
04-Jun-21	120.05
04-Jun-21	163.63
04-Jun-21	289.31
04-Jun-21	308.98
05-Jun-21	8.77
05-Jun-21	11.22
05-Jun-21	49.09
05-Jun-21	62.78
05-Jun-21	78.47
05-Jun-21	80.23
05-Jun-21	111.07
05-Jun-21	167.44
05-Jun-21	297.6
05-Jun-21	302.53
07-Jun-21	11.89
07-Jun-21	20.95
07-Jun-21	47.24
07-Jun-21	68.29
07-Jun-21	78.4
07-Jun-21	109.25
07-Jun-21	116.22
07-Jun-21	170.76
07-Jun-21	296.41
07-Jun-21	351.61
08-Jun-21	10.83
08-Jun-21	20.21
08-Jun-21	56.67
08-Jun-21	76.45
08-Jun-21	78.25
08-Jun-21	99.8
08-Jun-21	109.64
08-Jun-21	166.32
08-Jun-21	294.16
08-Jun-21	366.02
09-Jun-21	10.9
09-Jun-21	18.33
09-Jun-21	64.69
09-Jun-21	76
09-Jun-21	80.43
09-Jun-21	102.74
09-Jun-21	108.59
09-Jun-21	162.38
09-Jun-21	289.89
09-Jun-21	321.75
01-Jul-21	10.32
01-Jul-21	10.41
01-Jul-21	48.69
01-Jul-21	50.18
01-Jul-21	82.06
01-Jul-21	85.21
01-Jul-21	112.38
01-Jul-21	141.74
01-Jul-21	315.85
01-Jul-21	319.32
04-Jul-21	9.6
04-Jul-21	13.87
04-Jul-21	54.79
04-Jul-21	68.03
04-Jul-21	68.46
04-Jul-21	81.05
04-Jul-21	119.86
04-Jul-21	163.46
04-Jul-21	278.54
04-Jul-21	301.84
06-Jul-21	11.57
06-Jul-21	20.26
06-Jul-21	49.74
06-Jul-21	78.4
06-Jul-21	80.15
06-Jul-21	85
06-Jul-21	130.33
06-Jul-21	191.36
06-Jul-21	316.65
06-Jul-21	390.39
07-Jul-21	11.82
07-Jul-21	21.02
07-Jul-21	48.02
07-Jul-21	67.18
07-Jul-21	78.58
07-Jul-21	108.59
07-Jul-21	115.69
07-Jul-21	173.17
07-Jul-21	295.77
07-Jul-21	357.52
09-Jul-21	10.85
09-Jul-21	17.92
09-Jul-21	63.84
09-Jul-21	75.01
09-Jul-21	80.26
09-Jul-21	100.62
09-Jul-21	110.62
09-Jul-21	159.78
09-Jul-21	289.65
09-Jul-21	307.45
01-Aug-21	10.27
01-Aug-21	10.42
01-Aug-21	47.76
01-Aug-21	49.89
01-Aug-21	81.5
01-Aug-21	85.13
01-Aug-21	113.12
01-Aug-21	140.23
01-Aug-21	318.46
01-Aug-21	318.58
02-Aug-21	10.64
02-Aug-21	10.94
02-Aug-21	47.8
02-Aug-21	78.4
02-Aug-21	86.98
02-Aug-21	90.93
02-Aug-21	116.94
02-Aug-21	171.24
02-Aug-21	307.99
02-Aug-21	309.1
03-Aug-21	11.18
03-Aug-21	16.25
03-Aug-21	47.92
03-Aug-21	72
03-Aug-21	76.93
03-Aug-21	84.02
03-Aug-21	127.18
03-Aug-21	168.46
03-Aug-21	284.72
03-Aug-21	301.65
04-Aug-21	9.84
04-Aug-21	13.61
04-Aug-21	55.33
04-Aug-21	69.48
04-Aug-21	70.3
04-Aug-21	79.34
04-Aug-21	124.5
04-Aug-21	165.93
04-Aug-21	288.32
04-Aug-21	306.93
06-Aug-21	11.42
06-Aug-21	20.12
06-Aug-21	49.59
06-Aug-21	76.14
06-Aug-21	79.9
06-Aug-21	86.13
06-Aug-21	130.8
06-Aug-21	188.7
06-Aug-21	315.68
06-Aug-21	388.97
07-Aug-21	12.41
07-Aug-21	21.14
07-Aug-21	50.29
07-Aug-21	67.66
07-Aug-21	80.31
07-Aug-21	109.43
07-Aug-21	118.63
07-Aug-21	181.06
07-Aug-21	299.88
07-Aug-21	366.12
09-Aug-21	10.76
09-Aug-21	17.3
09-Aug-21	55.69
09-Aug-21	74.7
09-Aug-21	79.05
09-Aug-21	98.78
09-Aug-21	109.28
09-Aug-21	157.69
09-Aug-21	282.83
09-Aug-21	289.53
02-Sep-21	10.7
02-Sep-21	10.84
02-Sep-21	48.02
02-Sep-21	78.96
02-Sep-21	80.46
02-Sep-21	91.16
02-Sep-21	116.34
02-Sep-21	171.14
02-Sep-21	305.51
02-Sep-21	307.3
03-Sep-21	11.06
03-Sep-21	15.04
03-Sep-21	46.83
03-Sep-21	68.87
03-Sep-21	71.17
03-Sep-21	83.72
03-Sep-21	117.88
03-Sep-21	156.22
03-Sep-21	268.13
03-Sep-21	298.51
04-Sep-21	9.92
04-Sep-21	13.59
04-Sep-21	57.36
04-Sep-21	71.17
04-Sep-21	72.6
04-Sep-21	80.24
04-Sep-21	126.4
04-Sep-21	170.61
04-Sep-21	288.71
04-Sep-21	297.49
06-Sep-21	11.19
06-Sep-21	19.57
06-Sep-21	48.81
06-Sep-21	73.84
06-Sep-21	79.11
06-Sep-21	85.02
06-Sep-21	129.2
06-Sep-21	183.58
06-Sep-21	314.14
06-Sep-21	383.76
07-Sep-21	12.78
07-Sep-21	20.83
07-Sep-21	49.35
07-Sep-21	66.99
07-Sep-21	78.94
07-Sep-21	111.28
07-Sep-21	116.54
07-Sep-21	176.9
07-Sep-21	297.52
07-Sep-21	361.63
08-Sep-21	10.35
08-Sep-21	20.22
08-Sep-21	56.54
08-Sep-21	75.2
07-Dec-21	12.37
07-Dec-21	20.6
07-Dec-21	49.25
07-Dec-21	66.86
07-Dec-21	78.57
07-Dec-21	112.94
07-Dec-21	114.87
07-Dec-21	172.83
07-Dec-21	296.16
07-Dec-21	355.68
08-Dec-21	10.19
08-Dec-21	19.62
08-Dec-21	57.84
08-Dec-21	74.89
08-Dec-21	81.2
08-Dec-21	106.41
08-Dec-21	119.95
08-Dec-21	161.7
08-Dec-21	297.16
08-Dec-21	359.41